Word; Definition
Abstract;–ê–±—Å—Ç—Ä–∞–∫—Ç–Ω—ã–π. –ù–µ –Ω–µ—Å—É—â–∏–π –∫–æ–Ω–∫—Ä–µ—Ç–Ω–æ–π —Ä–µ–∞–ª–∏–∑–∞—Ü–∏–∏. –ù–∞–ø—Ä. –∞–±—Å—Ç—Ä–∞–∫—Ç–Ω—ã–π –∫–ª–∞—Å—Å.
API (Application programming interface);–ò–Ω—Ç–µ—Ä—Ñ–µ–π—Å –ø—Ä–æ–≥—Ä–∞–º–º–∏—Ä–æ–≤–∞–Ω–∏—è –ø—Ä–∏–ª–æ–∂–µ–Ω–∏—è.
Argument;–ê—Ä–≥—É–º–µ–Ω—Ç. –û–±—ã—á–Ω–æ –∞—Ä–≥—É–º–µ–Ω—Ç —Ñ—É–Ω–∫—Ü–∏–∏
Assignment;–ü—Ä–∏—Å–≤–æ–µ–Ω–∏–µ. –ù–∞–ø—Ä. –ø—Ä–∏—Å–≤–æ–µ–Ω–∏–µ –∑–Ω–∞—á–µ–Ω–∏—è –ø–µ—Ä–µ–º–µ–Ω–Ω–æ–π
AST (Abstract Syntax Tree);–ê–±—Å—Ç—Ä–∞–∫—Ç–Ω–æ–µ —Å–∏–Ω—Ç–∞–∫—Å–∏—á–µ—Å–∫–æ–µ –¥–µ—Ä–µ–≤–æ. –ü—Ä–æ–º–µ–∂—É—Ç–æ—á–Ω–∞—è —Ñ–æ—Ä–º–∞ –ø—Ä–µ–¥—Å—Ç–∞–≤–ª–µ–Ω–∏—è –ø—Ä–æ–≥—Ä–∞–º–º—ã.
To backport;–ü—Ä–æ—Ü–µ—Å—Å –ø–µ—Ä–µ–Ω–æ—Å–∞ –∫–æ–¥–∞ –≤ –±–æ–ª–µ–µ —Å—Ç–∞—Ä—É—é –≤–µ—Ä—Å–∏—é. –ë—ç–∫–ø–æ—Ä—Ç—è—Ç, –æ–±—ã—á–Ω–æ, –±–∞–≥ —Ñ–∏–∫—Å—ã
Binary;–î–≤–æ–∏—á–Ω—ã–π. –ù—É–ª–∏ –∏ –µ–¥–∏–Ω–∏—Ü—ã
Brackets;–ö–≤–∞–¥—Ä–∞—Ç–Ω—ã–µ —Å–∫–æ–±–∫–∏
Bug;–û—à–∏–±–∫–∞
Cache;–°–æ—Ö—Ä–∞–Ω–µ–Ω–Ω—ã–π —Ä–µ–∑—É–ª—å—Ç–∞—Ç –≤—ã—á–∏—Å–ª–µ–Ω–∏—è.
Callback;–§—É–Ω–∫—Ü–∏—è, –∫–æ—Ç–æ—Ä–∞—è –ø–µ—Ä–µ–¥–∞–µ—Ç—Å—è –≤ –∫–∞—á–µ—Å—Ç–≤–µ –∞—Ä–≥—É–º–µ–Ω—Ç–∞ –≤ –¥—Ä—É–≥—É—é —Ñ—É–Ω–∫—Ü–∏—é –∏ –≤—ã–∑—ã–≤–∞–µ—Ç—Å—è –∞—Å–∏–Ω—Ö—Ä–æ–Ω–Ω–æ.
Class;–ö–ª–∞—Å—Å;Client;–∫–ª–∏–µ–Ω—Ç. –û–±—ã—á–Ω–æ –ø—Ä–æ–≥—Ä–∞–º–º–∞, –∫–æ—Ç–æ—Ä–∞—è —Å–æ–µ–¥–∏–Ω—è–µ—Ç—Å—è –ø–æ —Å–µ—Ç–∏ –∫ –¥—Ä—É–≥–æ–π –ø—Ä–æ–≥—Ä–∞–º–º–µ, –Ω–∞–∑—ã–≤–∞–µ–º–æ–π —Å–µ—Ä–≤–µ—Ä–æ–º.
Closure;–ó–∞–º—ã–∫–∞–Ω–∏–µ
Comment;–ö–æ–º–º–µ–Ω—Ç–∞—Ä–∏–π
To comment out;–ö–æ–º–º–µ–Ω—Ç–∏—Ä–æ–≤–∞—Ç—å
Compiler;–ö–æ–º–ø–∏–ª—è—Ç–æ—Ä. –ü—Ä–æ–≥—Ä–∞–º–º–∞ –≤—ã–ø–æ–ª–Ω—è—é—â–∞—è –∫–æ–º–ø–∏–ª—è—Ü–∏—é
to Compile;–ö–æ–º–ø–∏–ª–∏—Ä–æ–≤–∞—Ç—å. –ü—Ä–µ–æ–±—Ä–∞–∑–æ–≤—ã–≤–∞—Ç—å –∏—Å—Ö–æ–¥–Ω—ã–π –∫–æ–¥ –≤ –æ–±—ä–µ–∫—Ç–Ω—ã–π –∫–æ–¥.
Conditional;–£—Å–ª–æ–≤–Ω–æ–µ –≤—ã—Ä–∞–∂–µ–Ω–∏–µ
Constant;–ö–æ–Ω—Å—Ç–∞–Ω—Ç–∞
to Crash;–†—É—à–∏—Ç—å—Å—è. –ö–æ–≥–¥–∞ –ø—Ä–æ–≥—Ä–∞–º–º–∞ –ø–∞–¥–∞–µ—Ç –∏–∑-–∑–∞ –æ—à–∏–±–∫–∏
to Commit;—Ñ–∏–∫—Å–∞—Ü–∏—è –∏–∑–º–µ–Ω–µ–Ω–∏–π –∫–æ–¥–∞ –≤ –∫–∞–∫–æ–π-–ª–∏–±–æ –∏–∑ —Å–∏—Å—Ç–µ–º –∫–æ–Ω—Ç—Ä–æ–ª—è –≤–µ—Ä—Å–∏–π
Deadlock;–°–æ—Å—Ç–æ—è–Ω–∏–µ –∫–æ–≥–¥–∞ –¥–≤–∞ –ø—Ä–æ—Ü–µ—Å—Å–∞ –∂–¥—É—Ç —Ä–µ–∑—É–ª—å—Ç–∞—Ç–∞ –≤—ã–ø–æ–ª–Ω–µ–Ω–∏—è –¥—Ä—É–≥ –¥—Ä—É–≥–∞
to Debug;–û—Ç–ª–∞–¥–∫–∞ –ø—Ä–æ–≥—Ä–∞–º–º—ã, –ø–æ–∏—Å–∫ –æ—à–∏–±–∫–∏.
Declaration;–û–ø—Ä–µ–¥–µ–ª–µ–Ω–∏–µ —Å–≤–æ–π—Å—Ç–≤ –∏–¥–µ–Ω—Ç–∏—Ñ–∏–∫–∞—Ç–æ—Ä–∞. –ë–µ–∑ –ø—Ä–∏—Å–≤–æ–µ–Ω–∏—è –∑–Ω–∞—á–µ–Ω–∏—è.
Definition;–û–±—ä—è–≤–ª–µ–Ω–∏–µ –∏–¥–µ–Ω—Ç–∏—Ñ–∏–∫–∞—Ç–æ—Ä–∞ —Å –ø—Ä–∏—Å–≤–æ–µ–Ω–∏–µ–º –∑–Ω–∞—á–µ–Ω–∏—è.
Dependency;–ó–∞–≤–∏—Å–∏–º–æ—Å—Ç—å
Deprecation;–û–±—ä—è–≤–ª–µ–Ω–∏–µ –∫–æ–Ω—Å—Ç—Ä—É–∫—Ü–∏–∏ –∏–ª–∏ API –Ω–µ–∂–µ–ª–∞—Ç–µ–ª—å–Ω–æ–π –∫ –∏—Å–ø–æ–ª—å–∑–æ–≤–∞–Ω–∏—é. –û–±—ã—á–Ω–æ –æ–∑–Ω–∞—á–∞–µ—Ç, —á—Ç–æ –∫–æ–Ω—Å—Ç—Ä—É–∫—Ü–∏—è –±—É–¥–µ—Ç —É–¥–∞–ª–µ–Ω–∞ –≤ —Å–ª–µ–¥—É—é—â–µ–π –≤–µ—Ä—Å–∏–∏.
Double;–ß–∏—Å–ª–æ –¥–≤–æ–π–Ω–æ–π —Ç–æ—á–Ω–æ—Å—Ç–∏
Embedded;–í—Å—Ç—Ä–∞–∏–≤–∞–µ–º—ã–π. –Ø–∑—ã–∫ –∏–ª–∏ –º–∏–∫—Ä–æ–∫–æ–Ω—Ç—Ä–æ–ª–ª–µ—Ä.
Encapsulation;–ò–Ω–∫–∞–ø—Å—É–ª—è—Ü–∏—è. –ú–µ—Ö–∞–Ω–∏–∑–º –æ–≥—Ä–∞–Ω–∏—á–µ–Ω–∏—è –¥–æ—Å—Ç—É–ø–∞ –∫, –æ–±—ã—á–Ω–æ, –≤–Ω—É—Ç—Ä–µ–Ω–Ω–æ—Å—Ç—è–º –∫–ª–∞—Å—Å–∞.
Exception;–ò—Å–∫–ª—é—á–µ–Ω–∏–µ
to Execute;–í—ã–ø–æ–ª–Ω–∏—Ç—å
Explicit;–Ø–≤–Ω—ã–π
Feature;–û—Å–æ–±–µ–Ω–Ω–æ—Å—Ç—å. –ù–æ–≤–∞—è —Ñ—É–Ω–∫—Ü–∏–æ–Ω–∞–ª—å–Ω–æ—Å—Ç—å –ø—Ä–æ–≥—Ä–∞–º–º—ã.
Fix;–ü–æ—á–∏–Ω–∏—Ç—å –æ—à–∏–±–∫—É
Float;–ß–∏—Å–ª–æ —Å –ø–ª–∞–≤–∞—é—â–µ–π —Ç–æ—á–∫–æ–π
Framework;–û—Å–Ω–æ–≤–∞, –Ω–∞–±–æ—Ä API, –¥–ª—è –ø–æ—Å—Ç—Ä–æ–µ–Ω–∏—è –ø—Ä–∏–ª–æ–∂–µ–Ω–∏–π.
Function;–§—É–Ω–∫—Ü–∏—è
Glitch;–û—à–∏–±–∫–∞ –≤ –ø—Ä–æ–≥—Ä–∞–º–º–µ
Hash;–§—É–Ω–∫—Ü–∏—è, –∫–æ—Ç–æ—Ä–∞—è –ø—Ä–µ–æ–±—Ä–∞–∑—É–µ—Ç –¥–∞–Ω–Ω—ã–µ –ø—Ä–æ–∏–∑–≤–æ–ª—å–Ω–æ–π –¥–ª–∏–Ω—ã –≤ —Å—Ç—Ä–æ–∫—É —Ñ–∏–∫—Å–∏—Ä–æ–≤–∞–Ω–Ω–æ–π –¥–ª–∏–Ω—ã.
to Hack;–í–∑–ª–∞–º—ã–≤–∞—Ç—å –ø—Ä–æ–≥—Ä–∞–º–º—É, –ª–∏–±–æ –±—ã—Å—Ç—Ä–æ ¬´–Ω–∞ –∫–æ–ª–µ–Ω–∫–µ¬ª —Å–æ–±—Ä–∞—Ç—å —Ä–µ—à–µ–Ω–∏–µ –∏–∑ —Ä–∞–∑–Ω—ã—Ö –∫—É—Å–æ—á–∫–æ–≤ (to hack together a fix)
Heap;–ö—É—á–∞. –û—Å–æ–±–∞—è —Å—Ç—Ä—É–∫—Ç—É—Ä–∞ –¥–∞–Ω–Ω—ã—Ö
Hotfix;–ë—ã—Å—Ç—Ä–æ–µ –∏—Å–ø—Ä–∞–≤–ª–µ–Ω–∏–µ –æ—à–∏–±–∫–∏. –û–±—ã—á–Ω–æ –Ω–µ –æ—á–µ–Ω—å —ç–ª–µ–≥–∞–Ω—Ç–Ω–æ–µ, –≥–ª–∞–≤–Ω–æ–µ —á—Ç–æ–±—ã —Ä–∞–±–æ—Ç–∞–ª–æ.
Implicit;–ù–µ—è–≤–Ω—ã–π;Infix;–ò–Ω—Ñ–∏–∫—Å–Ω–∞—è –∑–∞–ø–∏—Å—å. –ö–æ–≥–¥–∞ –æ–ø–µ—Ä–∞—Ç–æ—Ä —Ä–∞—Å–ø–æ–ª–∞–≥–∞–µ—Ç—Å—è –º–µ–∂–¥—É –æ–ø–µ—Ä–∞–Ω–¥–∞–º–∏.
Inheritance;–ù–∞—Å–ª–µ–¥–æ–≤–∞–Ω–∏–µ
Instance;–≠–∫–∑–µ–º–ø–ª—è—Ä
Integer;–î–µ—Å—è—Ç–∏—á–Ω–æ–µ —á–∏—Å–ª–æ
Interface;–ò–Ω—Ç–µ—Ä—Ñ–µ–π—Å
Interpreter;–ò–Ω—Ç–µ—Ä–ø—Ä–µ—Ç–∞—Ç–æ—Ä. –ü—Ä–æ–≥—Ä–∞–º–º–∞, –∫–æ—Ç–æ—Ä–∞—è –Ω–∞–ø—Ä—è–º—É—é –≤—ã–ø–æ–ª–Ω—è–µ—Ç –ø—Ä–æ–≥—Ä–∞–º–º–Ω—ã–π –∫–æ–¥ –±–µ–∑ –ø—Ä–µ–¥–≤–∞—Ä–∏—Ç–µ–ª—å–Ω–æ–π –∫–æ–º–ø–∏–ª—è—Ü–∏–∏
Introspection;–ò–Ω—Ç—Ä–æ—Å–ø–µ–∫—Ü–∏—è. –°–∞–º–æ–∞–Ω–∞–ª–∏–∑. –°–ø–æ—Å–æ–±–Ω–æ—Å—Ç—å –ø—Ä–æ–≥—Ä–∞–º–º—ã –∏—Å—Å–ª–µ–¥–æ–≤–∞—Ç—å —Å–≤–æ–π—Å—Ç–≤–∞ –∏ —Ç–∏–ø—ã –æ–±—ä–µ–∫—Ç–æ–≤ –≤–æ –≤—Ä–µ–º—è –∏—Å–ø–æ–ª–Ω–µ–Ω–∏—è.
to Invoke;–í—ã–∑—ã–≤–∞—Ç—å
Issue;–í–æ–ø—Ä–æ—Å. –ü—Ä–æ–±–ª–µ–º–∞.
to Iterate;–ü–æ–≤—Ç–æ—Ä—è—Ç—å
Lambda;–õ—è–º–±–¥–∞
Legacy;–ù–∞—Å–ª–µ–¥–∏–µ. –°—Ç–∞—Ä—ã–π –∫–æ–¥
Loop;–¶–∏–∫–ª
Map;–°—Ç—Ä—É–∫—Ç—É—Ä–∞ –¥–∞–Ω–Ω—ã—Ö, –≤ –∫–æ—Ç–æ—Ä–æ–π –∫–∞–∂–¥–æ–º—É –∫–ª—é—á—É —Å–æ–æ—Ç–≤–µ—Ç—Å—Ç–≤—É–µ—Ç –æ–¥–Ω–æ –∑–Ω–∞—á–µ–Ω–∏–µ.
Merge;–°–ª–∏—è–Ω–∏–µ
Method;–ú–µ—Ç–æ–¥. –§—É–Ω–∫—Ü–∏—è –ø—Ä–∏–Ω–∞–¥–ª–µ–∂–∞—â–∞—è –∫–ª–∞—Å—Å—É.
Mock;–ü—É—Å—Ç—ã—à–∫–∞. –ü—Ä–æ–≥—Ä–∞–º–º–Ω–∞—è –∫–æ–Ω—Å—Ç—Ä—É–∫—Ü–∏—è, –∫–æ—Ç–æ—Ä–∞—è –∑–∞–º–µ–Ω—è–µ—Ç —Ä–µ–∞–ª—å–Ω—É—é –≤ —Ç–µ—Å—Ç–∏—Ä–æ–≤–∞–Ω–∏–∏
Module;–ú–æ–¥—É–ª—å
Monad;–ú–æ–Ω–∞–¥–∞. –ü–æ–∏—â–∏—Ç–µ –æ–ø—Ä–µ–¥–µ–ª–µ–Ω–∏–µ —Å–∞–º–∏ üôÇ
Mutex (mutual exclusion);–ú—å—é—Ç–µ–∫—Å. –û–±—ä–µ–∫—Ç –ø—Ä–æ–≥—Ä–∞–º–º—ã –ø–æ–∑–≤–æ–ª—è—é—â–∏–π –ø–æ—Ç–æ–∫–∞–º –ø—Ä–æ–≥—Ä–∞–º–º—ã –∏—Å–ø–æ–ª—å–∑–æ–≤–∞—Ç—å —Ä–∞–∑–¥–µ–ª—è–µ–º—ã–µ —Ä–µ—Å—É—Ä—Å—ã.
MVP (Minimal Valuable Product);–ü—Ä–æ–≥—Ä–∞–º–º–∞ —Å –º–∏–Ω–∏–º–∞–ª—å–Ω—ã–º –Ω–∞–±–æ—Ä–æ–º —Ñ—É–Ω–∫—Ü–∏–æ–Ω–∞–ª—å–Ω–æ—Å—Ç–∏, –Ω–æ –ø—Ä–∏–Ω–æ—Å—è—â–∞—è –ø–æ–ª—å–∑—É.
Operand;–û–ø–µ—Ä–∞–Ω–¥
Operator;–û–ø–µ—Ä–∞—Ç–æ—Ä
Package;–ü–∞–∫–µ—Ç
Paradigm;–ü–∞—Ä–∞–¥–∏–≥–º–∞
Parenthesis;–∫—Ä—É–≥–ª—ã–µ —Å–∫–æ–±–∫–∏
Pattern;–®–∞–±–ª–æ–Ω
PoC (Proof of a concept);–ú–∏–Ω–∏–º–∞–ª—å–Ω–∞—è —Ä–µ–∞–ª–∏–∑–∞—Ü–∏—è –ø–æ–¥—Ç–≤–µ—Ä–∂–¥–∞—é—â–∞—è –∂–∏–∑–Ω–µ—Å–ø–æ—Å–æ–±–Ω–æ—Å—Ç—å –∏–¥–µ–∏.
Polymorphism;–ü–æ–ª–∏–º–æ—Ä—Ñ–∏–∑–º
Postfix;–§–æ—Ä–º–∞ –∑–∞–ø–∏—Å–∏ –≤—ã—Ä–∞–∂–µ–Ω–∏—è, –≤ –∫–æ—Ç–æ—Ä–æ–π –æ–ø–µ—Ä–∞–Ω–¥ —Ä–∞—Å–ø–æ–ª–æ–∂–µ–Ω –ø–æ—Å–ª–µ –æ–ø–µ—Ä–∞–Ω–¥.;Prefix;–§–æ—Ä–º–∞ –∑–∞–ø–∏—Å–∏ –≤—ã—Ä–∞–∂–µ–Ω–∏—è, –≤ –∫–æ—Ç–æ—Ä–æ–π –æ–ø–µ—Ä–∞–Ω–¥ —Ä–∞—Å–ø–æ–ª–æ–∂–µ–Ω –ø–µ—Ä–µ–¥ –æ–ø–µ—Ä–∞–Ω–¥.
Procedure;–ü—Ä–æ—Ü–µ–¥—É—Ä–∞. –û–¥–Ω–æ –∏–∑ –Ω–∞–∑–≤–∞–Ω–∏–π —Ñ—É–Ω–∫—Ü–∏–∏
Promise;–û–±—ä–µ–∫—Ç –≤ –∞—Å–∏–Ω—Ö—Ä–æ–Ω–Ω–æ–º –ø—Ä–æ–≥—Ä–∞–º–º–∏—Ä–æ–≤–∞–Ω–∏–∏, –∑–Ω–∞—á–µ–Ω–∏–µ –∫–æ—Ç–æ—Ä–æ–≥–æ –Ω–µ –∏–∑–≤–µ—Å—Ç–Ω–æ –∏ –±—É–¥–µ—Ç –≤—ã—á–∏—Å–ª–µ–Ω–æ –∞—Å–∏–Ω—Ö—Ä–æ–Ω–Ω–æ.
Property;–°–≤–æ–π—Å—Ç–≤–æ
Protocol;–ü—Ä–æ—Ç–æ–∫–æ–ª
Prototype;–ü—Ä–æ—Ç–æ—Ç–∏–ø
Proxy;–ü—Ä–æ–∫—Å–∏. –û–±—ä–µ–∫—Ç –ø—Ä–æ–≥—Ä–∞–º–º—ã –∏–ª–∏ –ø—Ä–æ–≥—Ä–∞–º–º–∞, –∫–æ—Ç–æ—Ä–∞—è —è–≤–ª—è–µ—Ç—Å—è –ø–æ—Å—Ä–µ–¥–Ω–∏–∫–æ–º –º–µ–∂–¥—É –¥–≤—É–º—è –æ–±—ä–µ–∫—Ç–∞–º–∏ –ø—Ä–æ–≥—Ä–∞–º–º—ã –∏–ª–∏ –ø—Ä–æ–≥—Ä–∞–º–º–∞–º–∏
Query;–ó–∞–ø—Ä–æ—Å;Queue;–û—á–µ—Ä–µ–¥—å. FIFO - first in first out.
Recursion;–†–µ–∫—É—Ä—Å–∏—è. –ü—Ä–æ–≥—Ä–∞–º–º–∞, –∫–æ—Ç–æ—Ä–∞—è –≤—ã–∑—ã–≤–∞–µ—Ç —Å–∞–º–∞ —Å–µ–±—è
Reflection;–°–ø–æ—Å–æ–±–Ω–æ—Å—Ç—å –ø—Ä–æ–≥—Ä–∞–º–º—ã –∏—Å—Å–ª–µ–¥–æ–≤–∞—Ç—å –∏ –∏–∑–º–µ–Ω—è—Ç—å —Å–∞–º—É —Å–µ–±—è –≤–æ –≤—Ä–µ–º—è –∏—Å–ø–æ–ª–Ω–µ–Ω–∏—è
Repository (repo);–†–µ–ø–æ–∑–∏—Ç–æ—Ä–∏–π. –•—Ä–∞–Ω–∏–ª–∏—â–µ –∫–æ–¥–∞
Review;–û–±–∑–æ—Ä. –†–µ—Ü–µ–Ω–∑–∏—è. –ü—Ä–æ—Ü–µ—Å—Å –æ–±–∑–æ—Ä–∞ –∏–∑–º–µ–Ω–µ–Ω–∏–π –≤ –∫–æ–¥–µ –¥—Ä—É–≥–∏–º –ø—Ä–æ–≥—Ä–∞–º–º–∏—Å—Ç–æ–º.
SDK (Software Development Kit);–ù–∞–±–æ—Ä –∏–Ω—Å—Ç—Ä—É–º–µ–Ω—Ç–æ–≤ –æ–±–ª–µ–≥—á–∞—é—â–∏–π —Ä–∞–∑—Ä–∞–±–æ—Ç–∫—É –ø—Ä–æ–≥—Ä–∞–º–º.
Server;–°–µ—Ä–≤–µ—Ä
Sprint;–°–ø—Ä–∏–Ω—Ç. –û–±—ã—á–Ω–æ –ø—Ä–æ–º–µ–∂—É—Ç–æ–∫ –ø—Ä–µ–º–µ–Ω–∏ –¥–ª–∏–Ω–æ–π 2 –Ω–µ–¥–µ–ª–∏, –Ω–∞ –∫–æ—Ç–æ—Ä—ã–π –∫–æ–º–∞–Ω–¥–∞ –ø–ª–∞–Ω–∏—Ä—É–µ—Ç —Ä–∞–±–æ—Ç—É
Stack;–°—Ç—ç–∫. LIFO - Last in first out. –°—Ç—Ä—É–∫—Ç—É—Ä–∞ –¥–∞–Ω–Ω—ã—Ö, –≤ –∫–æ—Ç–æ—Ä–æ–π —ç–ª–µ–º–µ–Ω—Ç—ã –¥–æ–±–∞–≤–ª–µ–Ω–Ω—ã–µ –ø–æ—Å–ª–µ–¥–Ω–∏–º–∏ –±—É–¥—É—Ç –∏–∑–≤–ª–µ—á–µ–Ω—ã –ø–µ—Ä–≤—ã–º–∏
Stand up;–ï–∂–µ–¥–Ω–µ–≤–Ω—ã–π –º–∏—Ç–∏–Ω–≥ –≤ Scrum. –ö–æ–≥–¥–∞ –∫–∞–∂–¥—ã–π —á–ª–µ–Ω –ø–æ–º–∞–Ω–¥—ã —Ä–∞—Å—Å–∫–∞–∑—ã–≤–∞–µ—Ç, —á—Ç–æ –æ–Ω –¥–µ–ª–∞–ª –≤—á–µ—Ä–∞ –∏ —á—Ç–æ —Å–æ–±–∏—Ä–∞–µ—Ç—Å—è –¥–µ–ª–∞—Ç—å —Å–µ–≥–æ–¥–Ω—è.
Stub;—Å–º. Mock
Ternary;–¢–µ—Ä–Ω–∞—Ä–Ω—ã–π –æ–ø–µ—Ä–∞—Ç–æ—Ä
Test case;–¢–µ—Å—Ç–æ–≤—ã–π
Test suit;–ù–∞–±–æ—Ä —Ç–µ—Å—Ç–æ–≤
Trait;–û–±—ã—á–Ω–æ –≤ –û–û–ü. –ù–∞–±–æ—Ä –º–µ—Ç–æ–¥–æ–≤, –∫–æ—Ç–æ—Ä—ã–π –º–æ–∂–µ—Ç –±—ã—Ç—å –∏—Å–ø–æ–ª—å–∑–æ–≤–∞–Ω –¥–ª—è —Ä–∞—Å—à–∏—Ä–µ–Ω–∏—è —Ñ—É–Ω–∫—Ü–∏–æ–Ω–∞–ª—å–Ω–æ—Å—Ç–∏ –∫–ª–∞—Å—Å–∞.
Unary;–£–Ω–∞—Ä–Ω—ã–π –æ–ø–µ—Ä–∞—Ç–æ—Ä. –û–ø–µ—Ä–∞—Ç–æ—Ä, –∫–æ—Ç–æ—Ä—ã–π –ø—Ä–∏–º–µ–Ω—è–µ—Ç—Å—è –∫ –æ–¥–Ω–æ–º—É –æ–ø–µ—Ä–∞–Ω–¥—É
Variable;–ü–µ—Ä–µ–º–µ–Ω–Ω–∞—è
Yield;–£—Å—Ç—É–ø–∞—Ç—å. –ü—Ä–æ—Ü–µ—Å—Å, –∫–æ–≥–¥–∞ –ø—Ä–æ–≥—Ä–∞–º–º–∞ —É—Å—Ç—É–ø–∞–µ—Ç —É–ø—Ä–∞–≤–ª–µ–Ω–∏–µ –¥—Ä—É–≥–æ–º—É –ø—Ä–æ—Ü–µ—Å—Å—É.